id,group,first_name,last_name,email,age
1,Finance,Gunter,Duggen,gduggen0@livejournal.com,63
2,Business,Tyson,Munks,tmunks1@economist.com,66
3,Finance,Masha,Cholonin,mcholonin2@purevolume.com,85
4,Technology,Thorny,Luker,tluker3@etsy.com,99
5,Business,Beryl,Davey,bdavey4@hatena.ne.jp,
6,Consulting,Ortensia,Oland,ooland5@github.com,81
7,Finance,Ola,Puvia,opuvia6@rambler.ru,39
8,Business,Cally,Guerri,cguerri7@ow.ly,95
9,Finance,Kathrine,Spurr,kspurr8@nps.gov,20
10,Business,Sasha,Filde,sfilde9@army.mil,13
11,Technology,Kennith,Airth,,72
12,Consulting,Rickert,Vedenisov,rvedenisovb@telegraph.co.uk,73
13,Finance,Glory,Grute,ggrutec@clickbank.net,
14,Technology,Trevor,Brellin,,89
15,Consulting,Deena,Sutterby,dsutterbye@networksolutions.com,3
16,Finance,Jewelle,Leghorn,jleghornf@behance.net,21
17,Technology,Konstance,Siddaley,ksiddaleyg@wix.com,98
18,Technology,Alexine,Lovett,alovetth@craigslist.org,80
19,Business,Yvonne,Briand,ybriandi@uol.com.br,7
20,Consulting,Stacia,Phillot,sphillotj@dion.ne.jp,72
21,Finance,Morgan,Butterwick,,81
22,Consulting,Rasla,Escala,rescalal@ebay.com,61
23,Business,Franzen,Cadden,fcaddenm@smugmug.com,53
24,Technology,Ariella,Tedorenko,atedorenkon@ezinearticles.com,16
25,Consulting,Loraine,Oak,loako@webmd.com,46
26,Consulting,Claribel,Weagener,cweagenerp@multiply.com,20
27,,Burr,Cheesworth,bcheesworthq@howstuffworks.com,96
28,Business,Gretchen,Virgoe,gvirgoer@cpanel.net,80
29,Finance,Lorain,Readwood,lreadwoods@japanpost.jp,82
30,Technology,Glen,Bulger,gbulgert@hp.com,
31,Technology,Hilly,Gillebert,hgillebertu@wisc.edu,91
32,Business,Urbano,Detloff,udetloffv@live.com,3
33,Finance,Eldin,Instrell,einstrellw@nba.com,67
34,,Jocelyne,Kirman,jkirmanx@deviantart.com,27
35,Finance,Jsandye,Hawkeridge,jhawkeridgey@nih.gov,98
36,Consulting,Mitch,D'Andrea,mdandreaz@fastcompany.com,11
37,Finance,Rodger,Janowicz,rjanowicz10@storify.com,33
38,Business,Monti,Sheering,msheering11@domainmarket.com,75
39,Business,Hailee,Lane,hlane12@admin.ch,60
40,Technology,Leeland,Moogan,lmoogan13@foxnews.com,23
41,Consulting,Penny,Huniwall,phuniwall14@fema.gov,57
42,Technology,Thorndike,Itzcovichch,titzcovichch15@google.pl,40
43,Finance,Cecile,Allitt,callitt16@accuweather.com,8
44,Technology,Nate,Elverston,nelverston17@mit.edu,73
45,Business,Melloney,Tordiffe,mtordiffe18@skype.com,1
46,Business,Clemmie,Confort,cconfort19@google.co.jp,32
47,,Marj,Danilishin,mdanilishin1a@scribd.com,27
48,Business,Dyan,Waistall,,80
49,Business,Manon,Gorhardt,mgorhardt1c@tamu.edu,45
50,Finance,Rurik,Gerge,rgerge1d@usnews.com,72
51,Business,Alphonso,Nellies,anellies1e@soundcloud.com,80
52,Consulting,Andres,Lacknor,alacknor1f@rediff.com,76
53,,Carey,Dumbreck,cdumbreck1g@aboutads.info,58
54,Consulting,Juliann,Ayton,jayton1h@pinterest.com,
55,Finance,Kassandra,Whitta,kwhitta1i@google.com.br,59
56,Technology,Suzy,Phillipps,sphillipps1j@linkedin.com,33
57,Business,Dorolice,Logsdale,dlogsdale1k@nhs.uk,83
58,Technology,Berkie,Donett,bdonett1l@newsvine.com,6
59,Consulting,Marja,Lornsen,mlornsen1m@elegantthemes.com,69
60,Technology,Kipp,FitzGeorge,kfitzgeorge1n@reuters.com,83
61,Business,Sara,Betser,sbetser1o@foxnews.com,10
62,Finance,Inglis,Gerren,igerren1p@gmpg.org,36
63,Business,Horten,Goodlip,hgoodlip1q@cornell.edu,42
64,Technology,Yolanthe,Teacy,yteacy1r@ted.com,81
65,Technology,Shandee,Humphrys,shumphrys1s@princeton.edu,11
66,Business,Warde,Spalding,wspalding1t@addtoany.com,22
67,Consulting,Hyacinth,Rude,hrude1u@huffingtonpost.com,70
68,Technology,Lil,Slorach,lslorach1v@pbs.org,75
69,Business,Giorgio,Fairham,gfairham1w@economist.com,13
70,Technology,Theda,Aris,taris1x@shinystat.com,31
71,Technology,Upton,Garrals,ugarrals1y@facebook.com,31
72,Technology,Wat,Brosnan,wbrosnan1z@mtv.com,36
73,,Jonathan,McNess,jmcness20@abc.net.au,64
74,Business,Sutherland,Rainbird,,27
75,Consulting,Opalina,Berthe,oberthe22@businessinsider.com,98
76,,Martynne,Mullett,mmullett23@so-net.ne.jp,68
77,Consulting,Amaleta,Menichillo,amenichillo24@hao123.com,7
78,,Clio,Tysack,ctysack25@amazonaws.com,28
79,Consulting,Marja,Perot,mperot26@mac.com,26
80,Technology,Christophe,Euston,ceuston27@mapy.cz,11
81,Business,Harwell,Traviss,htraviss28@tiny.cc,97
82,Technology,Lexie,Spridgen,lspridgen29@army.mil,47
83,Technology,Celle,Desouza,cdesouza2a@smh.com.au,82
84,Technology,Hewe,Ram,hram2b@narod.ru,75
85,Finance,Grace,Goodge,,28
86,Consulting,Ermina,MacGee,emacgee2d@accuweather.com,9
87,Technology,Morly,Kopelman,mkopelman2e@wufoo.com,99
88,Technology,Elberta,Ourry,eourry2f@cloudflare.com,73
89,Finance,Broderic,Flawith,bflawith2g@sfgate.com,
90,Finance,Tera,Bloxland,tbloxland2h@tinypic.com,23
91,Consulting,Alexandros,Smethurst,asmethurst2i@4shared.com,90
92,Finance,Chandal,Earwicker,cearwicker2j@vk.com,76
93,Consulting,Gerome,Ousbie,gousbie2k@facebook.com,1
94,Business,Hazel,Beeden,hbeeden2l@theguardian.com,88
95,Finance,Minerva,MacCallester,mmaccallester2m@lulu.com,19
96,Business,Ewan,Rennicks,erennicks2n@google.co.uk,94
97,Technology,Perceval,Maudlin,pmaudlin2o@whitehouse.gov,71
98,Business,Case,Woolger,cwoolger2p@nyu.edu,90
99,Technology,Lou,Danilishin,ldanilishin2q@wunderground.com,74
100,Technology,Maggie,Chitty,mchitty2r@istockphoto.com,50
101,Finance,Odessa,Sergison,osergison2s@comcast.net,70
102,Business,Tory,Garralts,tgarralts2t@eventbrite.com,93
103,Business,Tonnie,Blamires,tblamires2u@google.fr,51
104,Technology,Julee,Caseborne,jcaseborne2v@ning.com,10
105,Business,Ranee,Bysh,rbysh2w@sciencedirect.com,20
106,Business,Janene,Ivannikov,jivannikov2x@about.com,78
107,Technology,Kakalina,Brisley,kbrisley2y@ning.com,27
108,Business,Annalise,Bodleigh,abodleigh2z@nydailynews.com,
109,Business,Shea,Metschke,smetschke30@springer.com,47
110,Finance,Jdavie,Poulter,jpoulter31@miitbeian.gov.cn,28
111,Consulting,Murdock,Stear,mstear32@wsj.com,85
112,,Reeba,Meadowcraft,rmeadowcraft33@nsw.gov.au,
113,Finance,Lorin,Tubridy,ltubridy34@huffingtonpost.com,53
114,Technology,Torr,Timberlake,ttimberlake35@cbc.ca,21
115,Consulting,Georas,Brittle,gbrittle36@amazon.co.jp,36
116,Business,Woodie,Ashburner,washburner37@angelfire.com,50
117,Finance,Oriana,Cowlin,ocowlin38@networkadvertising.org,63
118,Finance,Carlye,Cleef,ccleef39@angelfire.com,60
119,Consulting,Arnie,Sille,asille3a@gizmodo.com,19
120,Business,Gloria,Felce,gfelce3b@blog.com,70
121,Finance,Jermayne,McFadin,jmcfadin3c@xing.com,44
122,Business,Nestor,Borghese,nborghese3d@paginegialle.it,40
123,Consulting,Valaree,Koschke,vkoschke3e@linkedin.com,8
124,Finance,Andris,Baert,abaert3f@cyberchimps.com,67
125,Technology,Malissia,Barbey,mbarbey3g@prlog.org,70
126,Consulting,Gaspard,Skipsea,gskipsea3h@ihg.com,79
127,Finance,Alta,Gerred,agerred3i@themeforest.net,98
128,Technology,Bink,Rassell,brassell3j@globo.com,15
129,Finance,Lorri,Babar,lbabar3k@deviantart.com,
130,Finance,Kellen,Brunner,kbrunner3l@google.es,24
131,Business,Yovonnda,Patroni,ypatroni3m@sfgate.com,11
132,Technology,Francklyn,Ferrarin,fferrarin3n@blogtalkradio.com,86
133,Technology,Armando,Kobierzycki,,28
134,Finance,Yves,Leedal,yleedal3p@icio.us,
135,Finance,Nicolis,Ivushkin,nivushkin3q@illinois.edu,80
136,Finance,Niccolo,Marriot,nmarriot3r@drupal.org,96
137,Business,Chen,Iles,ciles3s@fc2.com,72
138,Technology,Allx,Sushams,asushams3t@mtv.com,34
139,Consulting,Estevan,Astlatt,eastlatt3u@nydailynews.com,45
140,Consulting,Lora,Henrych,lhenrych3v@scribd.com,56
141,Business,Arney,Saffin,asaffin3w@xing.com,72
142,Consulting,Baron,Burditt,bburditt3x@reference.com,82
143,Consulting,Sissie,Bagniuk,sbagniuk3y@yolasite.com,2
144,Technology,Ellery,Tynnan,etynnan3z@moonfruit.com,
145,Technology,Shana,Urling,surling40@bloomberg.com,10
146,Business,Ricoriki,Piris,rpiris41@nasa.gov,
147,Business,Anjanette,Sotham,asotham42@4shared.com,81
148,Technology,Aldon,Lathbury,alathbury43@creativecommons.org,27
149,Consulting,Netta,Fouracre,nfouracre44@apple.com,83
150,Technology,Laryssa,Lorenzin,llorenzin45@google.nl,
151,Business,Lawry,Josefson,ljosefson46@de.vu,64
152,Consulting,Denys,Penella,dpenella47@discovery.com,35
153,,Loren,Pawelski,lpawelski48@sourceforge.net,75
154,Finance,Gorden,Gheeraert,ggheeraert49@seattletimes.com,48
155,,Cecilio,Rubenov,crubenov4a@amazonaws.com,75
156,Business,Dyanne,Bannon,,65
157,Technology,Penny,Hubball,phubball4c@theglobeandmail.com,46
158,Finance,Delbert,von Grollmann,dvongrollmann4d@live.com,11
159,Technology,Ugo,Hansod,uhansod4e@tmall.com,53
160,Consulting,Dugald,Meatcher,dmeatcher4f@spiegel.de,42
161,Technology,Dela,Tottem,dtottem4g@xrea.com,41
162,Technology,Ruthe,Petrovic,rpetrovic4h@acquirethisname.com,70
163,Finance,Malynda,Denizet,mdenizet4i@pbs.org,35
164,Business,Keeley,Henzley,khenzley4j@prweb.com,
165,Consulting,Tabbi,Reeveley,treeveley4k@icq.com,70
166,Consulting,Ricki,McElrea,,48
167,Technology,Florencia,Ruselin,fruselin4m@psu.edu,22
168,Technology,Francene,Simoncelli,fsimoncelli4n@mashable.com,16
169,Consulting,Dahlia,Aleksidze,daleksidze4o@latimes.com,22
170,Technology,Leoine,Langcastle,llangcastle4p@canalblog.com,60
171,Technology,Aliza,Firmager,afirmager4q@usnews.com,13
172,Technology,Jecho,Pilgrim,jpilgrim4r@prweb.com,79
173,Technology,Goldia,Siuda,gsiuda4s@ow.ly,63
174,Finance,Barbi,Coe,bcoe4t@bloglines.com,3
175,Business,Leonanie,Leyson,lleyson4u@whitehouse.gov,73
176,Technology,Mylo,Itscowics,mitscowics4v@sohu.com,47
177,,Olwen,Romei,oromei4w@hostgator.com,42
178,Technology,Kayne,De Bischop,kdebischop4x@angelfire.com,52
179,Business,Jim,Shallcross,jshallcross4y@hibu.com,28
180,Technology,Madel,Palay,mpalay4z@deliciousdays.com,42
181,Finance,Gretchen,Spinozzi,gspinozzi50@nbcnews.com,18
182,Finance,Daisie,Dooland,ddooland51@lycos.com,
183,Business,Wendall,Carleman,wcarleman52@nyu.edu,52
184,Finance,Eugen,Sewall,esewall53@g.co,94
185,Business,Johnath,Zellner,jzellner54@aol.com,24
186,Consulting,Tasia,McKintosh,tmckintosh55@bigcartel.com,84
187,Finance,Justis,Bernet,jbernet56@paginegialle.it,5
188,Consulting,Rhetta,Daud,rdaud57@go.com,57
189,Business,Victoria,Daice,vdaice58@fc2.com,10
190,Finance,Gui,Cabble,gcabble59@xing.com,54
191,Finance,Hewet,Hirsch,hhirsch5a@rakuten.co.jp,37
192,Consulting,Saree,D'Antoni,sdantoni5b@google.ca,76
193,,Mia,Bedingfield,mbedingfield5c@prweb.com,60
194,Finance,Ronda,Ilyunin,,59
195,Technology,Oralle,Tammadge,otammadge5e@si.edu,1
196,Business,Noreen,Tortoishell,ntortoishell5f@mediafire.com,59
197,Finance,Odey,Thebe,othebe5g@ucla.edu,81
198,Finance,Mariska,Dwelly,mdwelly5h@ca.gov,54
199,Finance,Alain,Caseley,acaseley5i@shutterfly.com,100
200,Finance,Shir,Colicot,scolicot5j@behance.net,96
